.join(linesplit),
.join(linesplit),
.join(linesplit),
.join(linesplit),
.join(linesplit),
.join(linesplit),
.join(linesplit),
.join(linesplit),
.join(linesplit),
.join(linesplit),
.join(linesplit),
.join(linesplit),
.join(linesplit),
.join(linesplit),
.join(linesplit),
.join(linesplit),
.join(linesplit),
.join(linesplit),
.join(linesplit),
.join(linesplit),
.join(linesplit),
.join(linesplit),
.join(linesplit),
.join(linesplit),
.join(linesplit),
.join(linesplit),
.join(linesplit),
.join(linesplit),
.join(linesplit),
.join(linesplit),
.join(linesplit),
.join(linesplit),
.join(linesplit),
.join(linesplit),
.join(linesplit),
.join(linesplit),
.join(linesplit),
.join(linesplit),
.join(linesplit),
.join(linesplit),
.join(linesplit),
.join(linesplit),
.join(linesplit),
.join(linesplit),
.join(linesplit),
.join(linesplit),
.join(linesplit),
.join(linesplit),
.join(linesplit),
.join(linesplit),
.join(linesplit),
.join(linesplit),
.join(linesplit),
.join(linesplit),
.join(linesplit),
.join(linesplit),
.join(linesplit),
.join(linesplit),
.join(linesplit),
.join(linesplit),
.join(linesplit),
.join(linesplit),
.join(linesplit),
.join(linesplit),
.join(linesplit),
.join(linesplit),
.join(linesplit),
.join(linesplit),
.join(linesplit),
.join(linesplit),
.join(linesplit),
.join(linesplit),
.join(linesplit),
.join(linesplit),
.join(linesplit),
.join(linesplit),
.join(linesplit),
.join(linesplit),
.join(linesplit),
.join(linesplit),
.join(linesplit),
.join(linesplit),
.join(linesplit),
.join(linesplit),
.join(linesplit),
.join(linesplit),
.join(linesplit),
.join(linesplit),
.join(linesplit),
.join(linesplit),
.join(linesplit),
.join(linesplit),
.join(linesplit),
.join(linesplit),
.join(linesplit),
.join(linesplit),
.join(linesplit),
.join(linesplit),
.join(linesplit),
.join(linesplit),
.join(linesplit),
.join(linesplit),
.join(linesplit),
.join(linesplit),
.join(linesplit),
.join(linesplit),
.join(linesplit),
.join(linesplit),
.join(linesplit),
.join(linesplit),
.join(linesplit),
.join(linesplit),
.join(linesplit),
.join(linesplit),
.join(linesplit),
.join(linesplit),
.join(linesplit),
.join(linesplit),
.join(linesplit),
.join(linesplit),
.join(linesplit),
.join(linesplit),
.join(linesplit),
.join(linesplit),
.join(linesplit),
.join(linesplit),
.join(linesplit),
.join(linesplit),
.join(linesplit),
.join(linesplit),
.join(linesplit),
.join(linesplit),
.join(linesplit),
.join(linesplit),
.join(linesplit),
.join(linesplit),
.join(linesplit),
.join(linesplit),
.join(linesplit),
.join(linesplit),
.join(linesplit),
.join(linesplit),
.join(linesplit),
.join(linesplit),
.join(linesplit),
.join(linesplit),
.join(linesplit),
.join(linesplit),
.join(linesplit),
.join(linesplit),
.join(linesplit),
.join(linesplit),
.join(linesplit),
.join(linesplit),
.join(linesplit),
.join(linesplit),
.join(linesplit),
.join(linesplit),
.join(linesplit),
.join(linesplit),
.join(linesplit),
.join(linesplit),
.join(linesplit),
.join(linesplit),
.join(linesplit),
.join(linesplit),
.join(linesplit),
.join(linesplit),
.join(linesplit),
.join(linesplit),
.join(linesplit),
.join(linesplit),
.join(linesplit),
.join(linesplit),
.join(linesplit),
.join(linesplit),
.join(linesplit),
.join(linesplit),
.join(linesplit),
.join(linesplit),
.join(linesplit),
.join(linesplit),
.join(linesplit),
.join(linesplit),
.join(linesplit),
.join(linesplit),
.join(linesplit),
.join(linesplit),
.join(linesplit),
.join(linesplit),
.join(linesplit),
.join(linesplit),
.join(linesplit),
.join(linesplit),
.join(linesplit),
.join(linesplit),
.join(linesplit),
.join(linesplit),
.join(linesplit),
.join(linesplit),
.join(linesplit),
.join(linesplit),
.join(linesplit),
.join(linesplit),
.join(linesplit),
.join(linesplit),
.join(linesplit),
.join(linesplit),
.join(linesplit),
.join(linesplit),
.join(linesplit),
.join(linesplit),
.join(linesplit),
.join(linesplit),
.join(linesplit),
.join(linesplit),
.join(linesplit),
.join(linesplit),
.join(linesplit),
.join(linesplit),
.join(linesplit),
.join(linesplit),
.join(linesplit),
.join(linesplit),
.join(linesplit),
.join(linesplit),
.join(linesplit),
.join(linesplit),
.join(linesplit),
.join(linesplit),
.join(linesplit),
.join(linesplit),
.join(linesplit),
.join(linesplit),
.join(linesplit),
.join(linesplit),
.join(linesplit),
.join(linesplit),
.join(linesplit),
.join(linesplit),
.join(linesplit),
.join(linesplit),
.join(linesplit),
.join(linesplit),
.join(linesplit),
.join(linesplit),
.join(linesplit),
.join(linesplit),
.join(linesplit),
.join(linesplit),
.join(linesplit),
.join(linesplit),
.join(linesplit),
.join(linesplit),
.join(linesplit),
.join(linesplit),
.join(linesplit),
.join(linesplit),
.join(linesplit),
.join(linesplit),
.join(linesplit),
.join(linesplit),
.join(linesplit),
.join(linesplit),
.join(linesplit),
.join(linesplit),
.join(linesplit),
.join(linesplit),
.join(linesplit),
.join(linesplit),
.join(linesplit),
.join(linesplit),
.join(linesplit),
.join(linesplit),
.join(linesplit),
.join(linesplit),
.join(linesplit),
.join(linesplit),
.join(linesplit),
.join(linesplit),
.join(linesplit),
.join(linesplit),
.join(linesplit),
.join(linesplit),
.join(linesplit),
.join(linesplit),
.join(linesplit),
.join(linesplit),
.join(linesplit),
.join(linesplit),
.join(linesplit),
.join(linesplit),
.join(linesplit),
.join(linesplit),
.join(linesplit),
.join(linesplit),
.join(linesplit),
.join(linesplit),
.join(linesplit),
.join(linesplit),
.join(linesplit),
.join(linesplit),
.join(linesplit),
.join(linesplit),
.join(linesplit),
.join(linesplit),
.join(linesplit),
.join(linesplit),
.join(linesplit),
.join(linesplit),
.join(linesplit),
.join(linesplit),
.join(linesplit),
.join(linesplit),
.join(linesplit),
.join(linesplit),
.join(linesplit),
.join(linesplit),
.join(linesplit),
.join(linesplit),
.join(linesplit),
.join(linesplit),
.join(linesplit),
.join(linesplit),
.join(linesplit),
.join(linesplit),
.join(linesplit),
.join(linesplit),
.join(linesplit),
.join(linesplit),
.join(linesplit),
.join(linesplit),
.join(linesplit),
.join(linesplit),
.join(linesplit),
.join(linesplit),
.join(linesplit),
.join(linesplit),
.join(linesplit),
.join(linesplit),
.join(linesplit),
.join(linesplit),
.join(linesplit),
.join(linesplit),
.join(linesplit),
.join(linesplit),
.join(linesplit),
.join(linesplit),
.join(linesplit),
.join(linesplit),
.join(linesplit),
.join(linesplit),
.join(linesplit),
.join(linesplit),
.join(linesplit),
.join(linesplit),
.join(linesplit),
.join(linesplit),
.join(linesplit),
.join(linesplit),
.join(linesplit),
.join(linesplit),
.join(linesplit),
.join(linesplit),
.join(linesplit),
.join(linesplit),
.join(linesplit),
.join(linesplit),
.join(linesplit),
.join(linesplit),
.join(linesplit),
.join(linesplit),
.join(linesplit),
.join(linesplit),
.join(linesplit),
.join(linesplit),
.join(linesplit),
.join(linesplit),
.join(linesplit),
.join(linesplit),
.join(linesplit),
.join(linesplit),
.join(linesplit),
.join(linesplit),
.join(linesplit),
.join(linesplit),
.join(linesplit),
.join(linesplit),
.join(linesplit),
.join(linesplit),
.join(linesplit),
.join(linesplit),
.join(linesplit),
.join(linesplit),
.join(linesplit),
.join(linesplit),
.join(linesplit),
.join(linesplit),
.join(linesplit),
.join(linesplit),
.join(linesplit),
.join(linesplit),
.join(linesplit),
.join(linesplit),
.join(linesplit),
.join(linesplit),
.join(linesplit),
.join(linesplit),
.join(linesplit),
.join(linesplit),
.join(linesplit),
.join(linesplit),
.join(linesplit),
.join(linesplit),
.join(linesplit),
.join(linesplit),
.join(linesplit),
.join(linesplit),
.join(linesplit),
.join(linesplit),
.join(linesplit),
.join(linesplit),
.join(linesplit),
.join(linesplit),
.join(linesplit),
.join(linesplit),
.join(linesplit),
.join(linesplit),
.join(linesplit),
.join(linesplit),
.join(linesplit),
.join(linesplit),
.join(linesplit),
.join(linesplit),
.join(linesplit),
.join(linesplit),
.join(linesplit),
.join(linesplit),
.join(linesplit),
.join(linesplit),
.join(linesplit),
.join(linesplit),
.join(linesplit),
.join(linesplit),
.join(linesplit),
.join(linesplit),
.join(linesplit),
.join(linesplit),
.join(linesplit),
.join(linesplit),
.join(linesplit),
.join(linesplit),
.join(linesplit),
.join(linesplit),
.join(linesplit),
.join(linesplit),
.join(linesplit),
.join(linesplit),
.join(linesplit),
.join(linesplit),
.join(linesplit),
.join(linesplit),
.join(linesplit),
.join(linesplit),
.join(linesplit),
.join(linesplit),
.join(linesplit),
.join(linesplit),
.join(linesplit),
.join(linesplit),
.join(linesplit),
.join(linesplit),
.join(linesplit),
.join(linesplit),
.join(linesplit),
.join(linesplit),
.join(linesplit),
.join(linesplit),
.join(linesplit),
.join(linesplit),
.join(linesplit),
.join(linesplit),
.join(linesplit),
.join(linesplit),
.join(linesplit),
.join(linesplit),
.join(linesplit),
.join(linesplit),
.join(linesplit),
.join(linesplit),
.join(linesplit),
.join(linesplit),
.join(linesplit),
.join(linesplit),
.join(linesplit),
.join(linesplit),
.join(linesplit),
.join(linesplit),
.join(linesplit),
.join(linesplit),
.join(linesplit),
.join(linesplit),
.join(linesplit),
.join(linesplit),
.join(linesplit),
.join(linesplit),
.join(linesplit),
.join(linesplit),
.join(linesplit),
.join(linesplit),
.join(linesplit),
.join(linesplit),
.join(linesplit),
.join(linesplit),
.join(linesplit),
.join(linesplit),
.join(linesplit),
.join(linesplit),
.join(linesplit),
.join(linesplit),
.join(linesplit),
.join(linesplit),
.join(linesplit),
.join(linesplit),
.join(linesplit),
.join(linesplit),
.join(linesplit),
.join(linesplit),
.join(linesplit),
.join(linesplit),
.join(linesplit),
.join(linesplit),
.join(linesplit),
.join(linesplit),
.join(linesplit),
.join(linesplit),
.join(linesplit),
.join(linesplit),
.join(linesplit),
.join(linesplit),
.join(linesplit),
.join(linesplit),
.join(linesplit),
.join(linesplit),
.join(linesplit),
.join(linesplit),
.join(linesplit),
.join(linesplit),
.join(linesplit),
.join(linesplit),
.join(linesplit),
.join(linesplit),
.join(linesplit),
.join(linesplit),
.join(linesplit),
.join(linesplit),
.join(linesplit),
.join(linesplit),
.join(linesplit),
.join(linesplit),
.join(linesplit),
.join(linesplit),
.join(linesplit),
.join(linesplit),
.join(linesplit),
.join(linesplit),
.join(linesplit),
.join(linesplit),
.join(linesplit),
.join(linesplit),
.join(linesplit),
.join(linesplit),
.join(linesplit),
.join(linesplit),
.join(linesplit),
.join(linesplit),
.join(linesplit),
.join(linesplit),
.join(linesplit),
.join(linesplit),
.join(linesplit),
.join(linesplit),
.join(linesplit),
.join(linesplit),
.join(linesplit),
.join(linesplit),
.join(linesplit),
.join(linesplit),
.join(linesplit),
.join(linesplit),
.join(linesplit),
.join(linesplit),
.join(linesplit),
.join(linesplit),
.join(linesplit),
.join(linesplit),
.join(linesplit),
.join(linesplit),
.join(linesplit),
.join(linesplit),
.join(linesplit),
.join(linesplit),
.join(linesplit),
.join(linesplit),
.join(linesplit),
.join(linesplit),
.join(linesplit),
.join(linesplit),
.join(linesplit),
.join(linesplit),
.join(linesplit),
.join(linesplit),
.join(linesplit),
.join(linesplit),
.join(linesplit),
.join(linesplit),
.join(linesplit),
.join(linesplit),
.join(linesplit),
.join(linesplit),
.join(linesplit),
.join(linesplit),
.join(linesplit),
.join(linesplit),
.join(linesplit),
.join(linesplit),
.join(linesplit),
.join(linesplit),
.join(linesplit),
.join(linesplit),
.join(linesplit),
.join(linesplit),
.join(linesplit),
.join(linesplit),
.join(linesplit),
.join(linesplit),
.join(linesplit),
.join(linesplit),
.join(linesplit),
.join(linesplit),
.join(linesplit),
.join(linesplit),
.join(linesplit),
.join(linesplit),
.join(linesplit),
.join(linesplit),
.join(linesplit),
.join(linesplit),
.join(linesplit),
.join(linesplit),
.join(linesplit),
.join(linesplit),
.join(linesplit),
.join(linesplit),
.join(linesplit),
.join(linesplit),
.join(linesplit),
.join(linesplit),
.join(linesplit),
.join(linesplit),
.join(linesplit),
.join(linesplit),
.join(linesplit),
.join(linesplit),
.join(linesplit),
.join(linesplit),
.join(linesplit),
.join(linesplit),
.join(linesplit),
.join(linesplit),
.join(linesplit),
.join(linesplit),
.join(linesplit),
.join(linesplit),
.join(linesplit),
.join(linesplit),
.join(linesplit),
.join(linesplit),
.join(linesplit),
.join(linesplit),
.join(linesplit),
.join(linesplit),
.join(linesplit),
.join(linesplit),
.join(linesplit),
.join(linesplit),
.join(linesplit),
.join(linesplit),
.join(linesplit),
.join(linesplit),
.join(linesplit),
.join(linesplit),
.join(linesplit),
.join(linesplit),
.join(linesplit),
.join(linesplit),
.join(linesplit),
.join(linesplit),
.join(linesplit),
.join(linesplit),
.join(linesplit),
.join(linesplit),
.join(linesplit),
.join(linesplit),
.join(linesplit),
.join(linesplit),
.join(linesplit),
.join(linesplit),
.join(linesplit),
.join(linesplit),
.join(linesplit),
.join(linesplit),
.join(linesplit),
.join(linesplit),
.join(linesplit),
.join(linesplit),
.join(linesplit),
.join(linesplit),
.join(linesplit),
.join(linesplit),
.join(linesplit),
.join(linesplit),
.join(linesplit),
.join(linesplit),
.join(linesplit),
.join(linesplit),
.join(linesplit),
.join(linesplit),
.join(linesplit),
.join(linesplit),
.join(linesplit),
.join(linesplit),
.join(linesplit),
.join(linesplit),
.join(linesplit),
.join(linesplit),
.join(linesplit),
.join(linesplit),
.join(linesplit),
.join(linesplit),
.join(linesplit),
.join(linesplit),
.join(linesplit),
.join(linesplit),
.join(linesplit),
.join(linesplit),
.join(linesplit),
.join(linesplit),
.join(linesplit),
.join(linesplit),
.join(linesplit),
.join(linesplit),
.join(linesplit),
.join(linesplit),
.join(linesplit),
.join(linesplit),
.join(linesplit),
.join(linesplit),
.join(linesplit),
.join(linesplit),
.join(linesplit),
.join(linesplit),
.join(linesplit),
.join(linesplit),
.join(linesplit),
.join(linesplit),
.join(linesplit),
.join(linesplit),
.join(linesplit),
.join(linesplit),
.join(linesplit),
.join(linesplit),
.join(linesplit),
.join(linesplit),
.join(linesplit),
.join(linesplit),
.join(linesplit),
.join(linesplit),
.join(linesplit),
.join(linesplit),
.join(linesplit),
.join(linesplit),
.join(linesplit),
.join(linesplit),
.join(linesplit),
.join(linesplit),
.join(linesplit),
.join(linesplit),
.join(linesplit),
.join(linesplit),
.join(linesplit),
.join(linesplit),
.join(linesplit),
.join(linesplit),
.join(linesplit),
.join(linesplit),
.join(linesplit),
.join(linesplit),
.join(linesplit),
.join(linesplit),
.join(linesplit),
.join(linesplit),
.join(linesplit),
.join(linesplit),
.join(linesplit),
.join(linesplit),
.join(linesplit),
.join(linesplit),
.join(linesplit),
.join(linesplit),
.join(linesplit),
.join(linesplit),
.join(linesplit),
.join(linesplit),
.join(linesplit),
.join(linesplit),
.join(linesplit),
.join(linesplit),
.join(linesplit),
.join(linesplit),
.join(linesplit),
.join(linesplit),
.join(linesplit),
.join(linesplit),
.join(linesplit),
.join(linesplit),
.join(linesplit),
.join(linesplit),
.join(linesplit),
.join(linesplit),
.join(linesplit),
.join(linesplit),
.join(linesplit),
.join(linesplit),
.join(linesplit),
.join(linesplit),
.join(linesplit),
.join(linesplit),
.join(linesplit),
.join(linesplit),
.join(linesplit),
.join(linesplit),
.join(linesplit),
.join(linesplit),
.join(linesplit),
.join(linesplit),
.join(linesplit),
.join(linesplit),
.join(linesplit),
.join(linesplit),
.join(linesplit),
.join(linesplit),
.join(linesplit),
.join(linesplit),
.join(linesplit),
.join(linesplit),
.join(linesplit),
.join(linesplit),
.join(linesplit),
.join(linesplit),
.join(linesplit),
.join(linesplit),
.join(linesplit),
.join(linesplit),
.join(linesplit),
.join(linesplit),
.join(linesplit),
.join(linesplit),
.join(linesplit),
.join(linesplit),
.join(linesplit),
.join(linesplit),
.join(linesplit),
.join(linesplit),
.join(linesplit),
.join(linesplit),
.join(linesplit),
.join(linesplit),
.join(linesplit),
.join(linesplit),
.join(linesplit),
.join(linesplit),
.join(linesplit),
.join(linesplit),
.join(linesplit),
.join(linesplit),
.join(linesplit),
.join(linesplit),
.join(linesplit),
.join(linesplit),
.join(linesplit),
.join(linesplit),
.join(linesplit),
.join(linesplit),
.join(linesplit),
.join(linesplit),
.join(linesplit),
.join(linesplit),
.join(linesplit),
.join(linesplit),
.join(linesplit),
.join(linesplit),
.join(linesplit),
.join(linesplit),
.join(linesplit),
.join(linesplit),
.join(linesplit),
.join(linesplit),
.join(linesplit),
.join(linesplit),
.join(linesplit),
.join(linesplit),
.join(linesplit),
.join(linesplit),
.join(linesplit),
.join(linesplit),
.join(linesplit),
.join(linesplit),
.join(linesplit),
.join(linesplit),
.join(linesplit),
.join(linesplit),
